Title,MRP(Rs.),Savings(%),Price(Rs.),Brand,Model,Capacity,Annual Energy Consumption,Date,Link
Lloyd 1.5 Ton 3 Star Inverter Split AC,58990,44%,32799,Lloyd,GLS18I3FWAMC,1.5 Tons,911 Kilowatt Hours,18-04-2023,https://amazon.in/Lloyd-Inverter-Convertible-Anti-Viral-GLS18I3FWAMC/dp/B0BRKXTSBT/ref=sr_1_4?qid=1681800303&s=kitchen&sr=1-4
LG 1.5 Ton 5 Star AI DUAL Inverter Split AC,75990,40%,45490,LG,RS-Q19YNZE,1.5 Tons,685.26 Kilowatt Hours Per Year,18-04-2023,https://amazon.in/LG-Convertible-Anti-Virus-Protection-RS-Q19YNZE/dp/B0BQ3MXML8/ref=sr_1_5?qid=1681800303&s=kitchen&sr=1-5
Panasonic 1.5 Ton 3 Star Wi-Fi Inverter Smart Split AC,55400,33%,36990,Panasonic,CS/CU-SU18YKYWT,1.5 Tons,1002.72 Kilowatt Hours,18-04-2023,https://amazon.in/Panasonic-Convertible-additional-Purification-CU-SU18YKYWT/dp/B0BRJ5QH8G/ref=sr_1_6?qid=1681800303&s=kitchen&sr=1-6
Voltas 1.4 Ton 3 Star Inverter Split AC,70990,55%,31999,Voltas,173V Vectra Platina,1.4 Tons,4600 Watts,18-04-2023,https://amazon.in/Voltas-Adjustable-173V-Vectra-Platina/dp/B0BRJ7N92P/ref=sr_1_7?qid=1681800303&s=kitchen&sr=1-7
Carrier 1.5 Ton 3 Star AI Flexicool Inverter Split AC,67790,48%,34999,Carrier,CAI18ER3R32F0,1.5 Tons,964.1 Kilowatt Hours Per Year,18-04-2023,https://amazon.in/Carrier-Flexicool-Inverter-Convertible-Cleanser/dp/B0BR5812CL/ref=sr_1_8?qid=1681800303&s=kitchen&sr=1-8
Carrier 1.5 Ton 5 Star AI Flexicool Inverter Split AC,78490,46%,41999,Carrier,CAI18ES5R33F0,1.5 Tons,754.05 Kilowatt Hours Per Year,18-04-2023,https://amazon.in/Carrier-Flexicool-Convertible-Filtration-CAI18ES5R33F0/dp/B0BR59SY4M/ref=sr_1_9?qid=1681800303&s=kitchen&sr=1-9
LG 1 Ton 4 Star AI DUAL Inverter Split AC,61990,44%,34999,LG,RS-Q13JNYE,1 Tons,571.99 Kilowatt Hours Per Year,18-04-2023,https://amazon.in/LG-Inverter-Convertible-Protection-RS-Q13JNYE/dp/B0BPYN9JGF/ref=sr_1_10?qid=1681800303&s=kitchen&sr=1-10
"Voltas 1.5 Ton 3 Star, Fixed Speed Window AC",46990,38%,28999,Voltas,183 Vectra Pearl,1.5 Tons,4750 Watts,18-04-2023,https://amazon.in/Voltas-Window-183-Vectra-Pearl/dp/B0BSJ7KZLJ/ref=sr_1_11?qid=1681800303&s=kitchen&sr=1-11
Panasonic 1 Ton 5 Star Wi-Fi Inverter Smart Split AC,54600,30%,37990,Panasonic,CS/CU-NU12YKY5W,1 Tons,523.15 Kilowatt Hours,18-04-2023,https://amazon.in/Panasonic-Convertible-additional-Purification-CU-NU12YKY5W/dp/B0BRHYBC3D/ref=sr_1_12?qid=1681800303&s=kitchen&sr=1-12
Daikin 1.5 Ton 5 Star Inverter Split AC,67200,32%,45490,Daikin,MTKM50U,1.5 Tons,785.67 Kilowatt Hours Per Year,18-04-2023,https://amazon.in/Daikin-Inverter-Copper-Filter-MTKM50U/dp/B09R4RYCJ4/ref=sr_1_13?qid=1681800303&s=kitchen&sr=1-13
LG 1.0 Ton 5 Star DUAL Inverter Wi-Fi Window AC,75990,57%,32299,LG,PW-Q12WUZA,1 Tons,672.46 Kilowatt Hours Per Year,18-04-2023,https://amazon.in/LG-Inverter-Convertible-cooling-PW-Q12WUZA/dp/B09PZ33S3X/ref=sr_1_14?qid=1681800303&s=kitchen&sr=1-14
Carrier 1 Ton 3 Star AI Flexicool Inverter Split AC,58190,47%,30990,Carrier,CAI12ER3R33F0,1 Tons,704.46 Kilowatt Hours Per Year,18-04-2023,https://amazon.in/Carrier-Flexicool-Inverter-Convertible-Filtration/dp/B0BR58HRD2/ref=sr_1_15?qid=1681800303&s=kitchen&sr=1-15
"Voltas 1.5 Ton 5 Star, Inverter Split AC",75990,46%,40990,Voltas,185V Vectra Elite,1.5 Tons,4900 Watts,18-04-2023,https://amazon.in/Voltas-Adjustable-Inverter-Copper-VECTRA/dp/B0BBFSZNCT/ref=sr_1_16?qid=1681800303&s=kitchen&sr=1-16
"Whirlpool 1.5 Ton 5 Star, Flexicool Inverter Split AC",70600,46%,37990,Whirlpool,S3I3AD0,1.5 Tons,761.33 Kilowatts,18-04-2023,https://amazon.in/Whirlpool-Flexicool-Inverter-Convertible-S3I3AD0/dp/B0BR5S1PDX/ref=sr_1_17?qid=1681800303&s=kitchen&sr=1-17
Lloyd 1.5 Ton 3 Star Fixed Speed Window AC,47990,44%,27100,Lloyd,GLW18C3YWSEW,1.5 Tons,1180.51 Kilowatt Hours,18-04-2023,https://amazon.in/Lloyd-Window-Copper-Silver-GLW18C3YWSEW/dp/B0BRKXY81Z/ref=sr_1_18?qid=1681800303&s=kitchen&sr=1-18
"Godrej 1 Ton 3 Star, 5-In-1 Convertible Cooling, Inverter Split AC",42900,31%,29490,Godrej,AC 1T EI 12TINV3R32-GWA Split,1 Tons,694.03 Kilowatt Hours Per Year,18-04-2023,https://amazon.in/Godrej-Convertible-Split-AC-12TINV3R32-GWA/dp/B0BN37ZCF7/ref=sr_1_19?qid=1681800303&s=kitchen&sr=1-19
"Godrej 1.5 Ton 3 Star, 5-In-1 Convertible, Inverter Split AC",46900,31%,32490,Godrej,AC 1.5T EI 18TINV3R32-GWA,1.5 Tons,980.37 Kilowatt Hours Per Year,18-04-2023,https://amazon.in/Godrej-Convertible-1-5T-18TINV3R32-GWA-18TINV3R32-GWB/dp/B0BN37L5KM/ref=sr_1_20?qid=1681800303&s=kitchen&sr=1-20
Blue Star 1.5 Ton 5 Star Convertible 5 in 1 Cooling Inverter Split AC,73000,40%,43990,Blue Star,IC518YNU,1.5 Tons,770.98 Kilowatt Hours Per Year,18-04-2023,https://amazon.in/Blue-Star-Convertible-Stabalizer-IC518YNU/dp/B0BT117FDS/ref=sr_1_21?qid=1681800303&s=kitchen&sr=1-21
Samsung 1.5 Ton 3 Star Inverter Split AC,60990,42%,35499,Samsung,AR18CYLZABE,1.5 Tons,1 Kilowatt Hours,18-04-2023,https://amazon.in/Samsung-Inverter-Convertible-Anti-Bacteria-AR18CYLZABE/dp/B0BRQCYQHK/ref=sr_1_22?qid=1681800303&s=kitchen&sr=1-22
LG 1 Ton 5 Star Ai Dual Inverter Split Ac,65990,39%,40490,LG,RS-Q14YNZE,1 Tons,521.2 Kilowatt Hours Per Year,18-04-2023,https://amazon.in/LG-Convertible-Anti-Virus-Protection-Rs-Q14Ynze/dp/B0BPYL1R9N/ref=sr_1_23?qid=1681800303&s=kitchen&sr=1-23
"Voltas 1.5 Ton 5 Star, Inverter Window AC",49990,29%,35499,Voltas,185V Vertis Elite,1.5 Tons,5050 Watts,18-04-2023,https://amazon.in/Voltas-Adjustable-Inverter-Window-Copper/dp/B0BBFX3S2L/ref=sr_1_24?qid=1681800303&s=kitchen&sr=1-24
Blue Star 1.5 Ton 3 Star Convertible 4 in 1 Cooling Inverter Split AC,62250,42%,35990,Blue Star,IA318FNU,1.5 Tons,1570 Watts,18-04-2023,https://amazon.in/Blue-Star-Inverter-Convertible-IA318FNU/dp/B09RG2SZVX/ref=sr_1_25?qid=1681800303&s=kitchen&sr=1-25
Cruise 1.5 Ton 3 Star Inverter Split AC with 7-Stage Air Filtration,52900,45%,28999,Cruise,CWCVBG-VQ1W183,1.5 Tons,1002.84 Kilowatt Hours,18-04-2023,https://amazon.in/Cruise-Inverter-Filtration-CWCVBG-VQ1W183-Dehumidifier/dp/B094752MJ5/ref=sr_1_26?qid=1681800303&s=kitchen&sr=1-26
Blue Star 1.5 Ton 3 Star Convertible 4 in 1 Cooling Inverter Split AC,61250,41%,36190,Blue Star,IB318YKU,1.5 Tons,1007.86 Kilowatt Hours Per Year,18-04-2023,https://amazon.in/Blue-Star-Convertible-Stabalizer-IB318YKU/dp/B0BQW1Y1D1/ref=sr_1_27?qid=1681800303&s=kitchen&sr=1-27
Samsung 1 Ton 5 Star Inverter Split AC,57990,36%,36999,Samsung,AR12CY5ZAGD,1 Tons,481.43 Kilowatt Hours Per Year,18-04-2023,https://amazon.in/Samsung-Inverter-Convertible-Anti-bacterial-AR12CY5ZAGD/dp/B0BSGSCNV9/ref=sr_1_27?qid=1681800659&s=kitchen&sr=1-27
AmazonBasics 1.5 Ton 5 Star Inverter Split AC,56990,42%,32990,AmazonBasics,PBAC18K5INV201,1.5 Tons,,18-04-2023,https://amazon.in/AmazonBasics-Star-Inverter-Conditioner-LEEL/dp/B07L44L1GP/ref=sr_1_28?qid=1681800659&s=kitchen&sr=1-28
Blue Star 1.5 Ton 5 Star Fixed Speed Window AC,44500,21%,34999,Blue Star,WFA518LN,1.5 Tons,1350 Watts,18-04-2023,https://amazon.in/Blue-Star-Window-Copper-WFA518LN/dp/B09RTGPRK7/ref=sr_1_29?qid=1681800659&s=kitchen&sr=1-29
"Godrej 1.5 Ton 5 Star 5-In-1 Convertible, Inverter Split AC",54900,32%,37490,Godrej,AC 1.5T EI 18IINV5R32 WWA,1.5 Tons,765.86 Kilowatt Hours Per Year,18-04-2023,https://amazon.in/Godrej-Convertible-1-5T-18IINV5R32-WWA/dp/B0BP7SY16R/ref=sr_1_30?qid=1681800659&s=kitchen&sr=1-30
Haier 1.5 Ton 3 Star Inverter Split AC,64000,48%,32999,Haier,HSU17V-TMS3BE-INV,1.5 Tons,925.24 Watts,18-04-2023,https://amazon.in/Haier-Inverter-Copper-Antibacterial-HSU17V-TMS3BE-INV/dp/B0BSFRD38D/ref=sr_1_31?qid=1681800659&s=kitchen&sr=1-31
LG 1.5 Ton 2 Star DUAL Inverter Split AC,62990,47%,33490,LG,RS-Q18ZNVE,1.5 Tons,962.65 Kilowatt Hours Per Year,18-04-2023,https://amazon.in/LG-Convertible-Anti-virus-Protection-RS-Q18ZNVE/dp/B0BPYKMM2M/ref=sr_1_32?qid=1681800659&s=kitchen&sr=1-32
Daikin 1.5 Ton 5 Star Inverter Split AC,,,,Daikin,FTKM50U,1.5 Tons,785.67 Kilowatt Hours Per Year,18-04-2023,https://amazon.in/Daikin-Inverter-Split-Copper-FTKM50U/dp/B09SW8FP11/ref=sr_1_33?qid=1681800659&s=kitchen&sr=1-33
LG 1.5 Ton 4 Star AI DUAL Inverter Split AC,71990,41%,42490,LG,RS-Q19ENYE1,1.5 Tons,837.55 Kilowatt Hours Per Year,18-04-2023,https://amazon.in/LG-Convertible-Anti-Virus-Protection-RS-Q19ENYE1/dp/B0BQM6SPBH/ref=sr_1_34?qid=1681800659&s=kitchen&sr=1-34
Blue Star 1 Ton 3 Star Convertible 4 in 1 Cooling Inverter Split AC,51500,37%,32690,Blue Star,IA312YNU,1 Tons,704.42 Kilowatt Hours Per Year,18-04-2023,https://amazon.in/Blue-Star-Convertible-Stabalizer-IA312YNU/dp/B0BQW6V8RZ/ref=sr_1_35?qid=1681800659&s=kitchen&sr=1-35
"Godrej 1 Ton 5 Star, 5-In-1 Convertible Cooling, Inverter Split AC",49900,34%,32990,Godrej,AC 1T EI 12TINV5R32-GWA Split,1 Tons,524.03 Kilowatt Hours Per Year,18-04-2023,https://amazon.in/Godrej-Convertible-Split-12TINV5R32-GWA-12TINV5R32-RWB/dp/B0BN4695FS/ref=sr_1_36?qid=1681800659&s=kitchen&sr=1-36
Samsung 1.5 Ton 5 Star Inverter Split AC,72990,42%,42499,Samsung,AR18CYNZABE,1.5 Tons,1 Kilowatt Hours,18-04-2023,https://amazon.in/Samsung-Inverter-Convertible-Anti-Bacteria-AR18CYNZABE/dp/B0BRQD9Y92/ref=sr_1_37?qid=1681800659&s=kitchen&sr=1-37
Lloyd 1.5 Ton 5 Star Fixed Speed Window AC,54990,40%,32800,Lloyd,GLW18C5XWGMR,1.5 Tons,1072.14 Kilowatt Hours,18-04-2023,https://amazon.in/Lloyd-Window-Copper-Silver-GLW18C5XWGMR/dp/B0BRKYDWS5/ref=sr_1_38?qid=1681800659&s=kitchen&sr=1-38
Panasonic 1.5 Ton 4 Star Wi-Fi Inverter Smart Split AC,59400,31%,40990,Panasonic,CS/CU-NU18YKY4W,1.5 Tons,876.76 Kilowatt Hours,18-04-2023,https://amazon.in/Panasonic-Convertible-additional-Purification-CU-NU18YKY4W/dp/B0BRHZVBN1/ref=sr_1_39?qid=1681800659&s=kitchen&sr=1-39
"Godrej 1.5 Ton 3 Star, Turbo Mode, Window AC",,,,Godrej,AC 1.5T WFC 18UTC3-WWA Window,1.5 Tons,1216.12 Kilowatt Hours Per Year,18-04-2023,https://amazon.in/Godrej-Window-1-5T-WFC-18UTC3-WWA/dp/B0BQFDKG93/ref=sr_1_40?qid=1681800659&s=kitchen&sr=1-40
Carrier 2 Ton 5 Star AI Flexicool Inverter Split AC,91690,42%,52990,Carrier,CAI24ES5R33F0,2 Tons,920.55 Kilowatt Hours Per Year,18-04-2023,https://amazon.in/Carrier-Flexicool-Convertible-Filtration-CAI24ES5R33F0/dp/B0BR58NG48/ref=sr_1_41?qid=1681800659&s=kitchen&sr=1-41
"Voltas 1 Ton 3 Star, Fixed Speed Window AC",,,,Voltas,123 Vectra Platina(4011486),1 Tons,3050 Watts,18-04-2023,https://amazon.in/Voltas-Window-123-Vectra-Platina/dp/B0BV1V4ND2/ref=sr_1_42?qid=1681800659&s=kitchen&sr=1-42
Samsung 1.5 Ton 3 Star Wind-Free Technology Inverter Split AC,61990,39%,37699,Samsung,AR18CYLAMWK,1.5 Tons,1 Kilowatt Hours,18-04-2023,https://amazon.in/Samsung-Technology-Convertible-Anti-bacterial-AR18CYLAMWK/dp/B0BRQDGFL8/ref=sr_1_43?qid=1681800659&s=kitchen&sr=1-43
Blue Star 1 Ton 3 Star Fixed Speed Window AC,49990,41%,29345,Blue Star,WFB312LN,1 Tons,828.29 Kilowatt Hours,18-04-2023,https://amazon.in/Blue-Star-Hydrophilic-Self-Diagnosis-WFB312LN/dp/B0BDMT2MXS/ref=sr_1_44?qid=1681800659&s=kitchen&sr=1-44
"Voltas 1.5 Ton 3 Star, Inverter Window AC",46990,33%,31499,Voltas,183V Vertis Elite,1.5 Tons,3500 Watts,18-04-2023,https://amazon.in/Voltas-Adjustable-Inverter-Window-Copper/dp/B0BBFW95RD/ref=sr_1_45?qid=1681800659&s=kitchen&sr=1-45
"Voltas 2 Ton 3 Star, Inverter Split AC",79990,40%,47999,Voltas,243V Vectra Elite,2 Tons,6000 Watts,18-04-2023,https://amazon.in/Voltas-Adjustable-Inverter-Copper-VECTRA/dp/B0BBFTT3YL/ref=sr_1_46?qid=1681800659&s=kitchen&sr=1-46
Carrier 2 Ton 3 Star AI Flexicool Inverter Split AC,80890,40%,48490,Carrier,CAI24ES3R32F0,2 Tons,1249.82 Kilowatt Hours Per Year,18-04-2023,https://amazon.in/Carrier-Inverter-Split-Copper-Flexicool/dp/B0B67S3TXP/ref=sr_1_47?qid=1681800659&s=kitchen&sr=1-47
"Voltas 0.8 Ton 3 Star, Inverter Split AC",54990,50%,27490,Voltas,103V Vectra Elite,0.8 Tons,2720 Watts,18-04-2023,https://amazon.in/Voltas-Adjustable-103V-Vectra-Elite/dp/B0BSLKLG4L/ref=sr_1_48?qid=1681800659&s=kitchen&sr=1-48
Blue Star 1.5 Ton 3 Star Fixed Speed Window AC,39500,22%,30900,Blue Star,WFA318LN,1.5 Tons,1168.9 Kilowatt Hours,18-04-2023,https://amazon.in/Blue-Star-Hydrophilic-Self-Diagnosis-WFA318LN/dp/B0BDML494F/ref=sr_1_49?qid=1681800659&s=kitchen&sr=1-49
Samsung 1.5 Ton 5 Star Wind-Free Technology Inverter Split AC,73990,37%,46499,Samsung,AR18CYNAMWK,1.5 Tons,1 Kilowatt Hours,18-04-2023,https://amazon.in/Samsung-Technology-Convertible-Anti-bacterial-AR18CYNAMWK/dp/B0BRQCKLKR/ref=sr_1_50?qid=1681800659&s=kitchen&sr=1-50
Amazon Basics 0.75 Ton 4 Star Fixed Speed Window AC,31990,25%,23990,AmazonBasics,AB2021INAC033,0.75 Tons,,18-04-2023,https://amazon.in/AmazonBasics-Ton-Star-Inverter-Conditioner/dp/B07L3V7449/ref=sr_1_51?qid=1681801010&s=kitchen&sr=1-51
"Voltas 1 Ton 3 Star, Inverter Split AC",56990,47%,30285,Voltas,123V Vectra Elite,1 Tons,3300 Watts,18-04-2023,https://amazon.in/Voltas-Adjustable-123V-Vectra-Elite/dp/B0BQR2FW4Y/ref=sr_1_52?qid=1681801010&s=kitchen&sr=1-52
Lloyd 1.0 Ton 3 Star Fixed Speed Window AC,43990,42%,25690,Lloyd,GLW12C3XWSEW,1 Tons,774.11 Kilowatt Hours,18-04-2023,https://amazon.in/Lloyd-Window-Copper-Silver-GLW12C3XWSEW/dp/B0BRKXV3MR/ref=sr_1_53?qid=1681801010&s=kitchen&sr=1-53
"Voltas 1 Ton 3 Star, Inverter Split AC",,,,Voltas,123V Vectra Elegant,1 Tons,3300 Watts,18-04-2023,https://amazon.in/Voltas-Adjustable-123V-Vectra-Elegant/dp/B0BQR2491B/ref=sr_1_54?qid=1681801010&s=kitchen&sr=1-54
Blue Star 0.8 Ton 3 Star Fixed Speed Window AC,30000,17%,24990,Blue Star,WFA309GN,0.8 Tons,611.54 Kilowatt Hours,18-04-2023,https://amazon.in/Blue-Star-Hydrophilic-Self-Diagnosis-WFA309GN/dp/B0BDMN6XJ3/ref=sr_1_55?qid=1681801010&s=kitchen&sr=1-55
LG 2.0 Ton 3 Star AI DUAL Inverter Split AC,85990,36%,54990,LG,RS-Q24ENXE,2 Tons,1232.78 Kilowatt Hours Per Year,18-04-2023,https://amazon.in/LG-Convertible-Anti-Virus-Protection-RS-Q24ENXE/dp/B0BQ7GK9HW/ref=sr_1_56?qid=1681801010&s=kitchen&sr=1-56
"Voltas 1.5 Ton 3 Star, Inverter Split AC",,,,Voltas,183V Vertis Emerald,1.5 Tons,4950 Watts,18-04-2023,https://amazon.in/Voltas-Adjustable-183V-Vertis-Emerald/dp/B0BQR1ZYNC/ref=sr_1_57?qid=1681801010&s=kitchen&sr=1-57
Panasonic 2 Ton 4 Star Wi-Fi Inverter Smart Split AC,77150,29%,54990,Panasonic,CS/CU-NU24YKY4W,2 Tons,1075.57 Kilowatt Hours,18-04-2023,https://amazon.in/Panasonic-Convertible-additional-Purification-CU-NU24YKY4W/dp/B0BRHZM946/ref=sr_1_58?qid=1681801010&s=kitchen&sr=1-58
Daikin 1.5 Ton 3 Star Fixed Speed Split AC,55600,28%,39990,Daikin,FTL50U,1.5 Tons,989.31 Kilowatt Hours Per Year,18-04-2023,https://amazon.in/Daikin-Fixed-Copper-Filter-FTL50U/dp/B09R4QLDWK/ref=sr_1_59?qid=1681801010&s=kitchen&sr=1-59
Hitachi Split Ac - 1.5 Ton Shizen 3100S¬† Inverter - R32 - RSQG318HFEOF,,,,Hitachi,RSQG318HFEOF,1.5 Tons,1012.3 Kilowatt Hours,18-04-2023,https://amazon.in/SPLIT-AC-HITACHI-INVERTER-RSQG318HFEOF/dp/B0B14LQ2H5/ref=sr_1_60?qid=1681801010&s=kitchen&sr=1-60
"Voltas 2 Ton 5 Star, Inverter Split AC",93990,43%,53999,Voltas,245V Vectra Plus,2 Tons,6200 Watts,18-04-2023,https://amazon.in/Voltas-Adjustable-Inverter-Copper-VECTRA/dp/B0BBFWM5F9/ref=sr_1_61?qid=1681801010&s=kitchen&sr=1-61
"AmazonBasics 1.5 Ton, 5 Star, Wi-Fi Enabled Smart",56179,39%,34490,AmazonBasics,AB2021INAC004,1.5 Tons,,18-04-2023,https://amazon.in/AmazonBasics-1-5-Ton-Air-Conditioner/dp/B08J8SM4GD/ref=sr_1_62?qid=1681801010&s=kitchen&sr=1-62
Lloyd 1.0 Ton 2 Star Fixed Speed Window AC,,,,Lloyd,GLW12C2YWSEW,1 Tons,808.94 Kilowatt Hours,18-04-2023,https://amazon.in/Lloyd-Window-Copper-Silver-GLW12C2YWSEW/dp/B0BRKYG6F7/ref=sr_1_63?qid=1681801010&s=kitchen&sr=1-63
Lloyd 2.0 Ton 3 Star Inverter Split AC,77990,40%,46900,Lloyd,GLS24I3FWSEV,2 Tons,1261.37 Kilowatt Hours,18-04-2023,https://amazon.in/Lloyd-Inverter-Convertible-Anti-Viral-GLS24I3FWSEV/dp/B0BRKY8MMB/ref=sr_1_64?qid=1681801010&s=kitchen&sr=1-64
Daikin 1.8 Ton 3 Star Inverter Split AC,72900,30%,50999,Daikin,ATKL60UV16,1.8 Tons,1161.78 Kilowatt Hours Per Year,18-04-2023,https://amazon.in/Daikin-Inverter-Copper-Bacterial-ATKL60UV16/dp/B0BK1GTTKC/ref=sr_1_65?qid=1681801010&s=kitchen&sr=1-65
"Whirlpool 2.0 Ton 3 Star, Flexicool Inverter Split AC",78200,46%,41990,Whirlpool,42382,2 Tons,1209.98 Kilowatts,18-04-2023,https://amazon.in/Whirlpool-Flexicool-Inverter-Convertible-SUPREMECOOL/dp/B0BS6ZT18T/ref=sr_1_66?qid=1681801010&s=kitchen&sr=1-66
LG 1.5 Ton 3 Star DUAL Inverter Window AC,,,,,,,,18-04-2023,https://amazon.in/LG-Inverter-Convertible-cooling-PW-Q18WUXA/dp/B0BJBP7F1Z/ref=sr_1_67?qid=1681801010&s=kitchen&sr=1-67
Blue Star 2 Ton 3 Star Convertible 5 in 1 Cooling Inverter Split AC,71750,33%,48000,Blue Star,IC324YNU,2 Tons,1261.37 Kilowatt Hours Per Year,18-04-2023,https://amazon.in/Blue-Star-Convertible-Stabalizer-IC324YNU/dp/B0BW985W1N/ref=sr_1_68?qid=1681801010&s=kitchen&sr=1-68
Voltas 2 Ton 5 Star Inverter Split AC,84990,31%,58890,Voltas,245V EAZS,2 Tons,1030 Kilowatt Hours Per Year,18-04-2023,https://amazon.in/Voltas-Inverter-Condenser-245V-EAZS/dp/B0B4WYNW1G/ref=sr_1_69?qid=1681801010&s=kitchen&sr=1-69
Haier 1.5 Ton 5 Star Inverter Split AC,71490,41%,41990,Haier,HSU18K-PYS5BE-INV,1.5 Tons,743.05 Watts,18-04-2023,https://amazon.in/Haier-Inverter-Convertible-Antibacterial-HSU18K-PYS5BE-INV/dp/B0BSFS7Z5R/ref=sr_1_70?qid=1681801010&s=kitchen&sr=1-70
Lloyd 1.5 Ton 2 Star Fixed Speed Split AC,59990,45%,32900,Lloyd,GLS18C2XWASS,1.5 Tons,1081.43 Kilowatt Hours,18-04-2023,https://amazon.in/Lloyd-Copper-Anti-Viral-Filter-GLS18C2XWASS/dp/B0BRKY7D8X/ref=sr_1_71?qid=1681801010&s=kitchen&sr=1-71
Daikin 1.5 Ton 3 Star Inverter Split AC,58400,33%,38990,Daikin,FTKY50UV,1.5 Tons,967.4 Kilowatt Hours,18-04-2023,https://amazon.in/Daikin-Inverter-Copper-Filter-FTKY50UV/dp/B0BXB8W2BM/ref=sr_1_72?qid=1681801010&s=kitchen&sr=1-72
Hitachi SPLIT AC - 1.0 Ton HITACHI SHIZEN 3100S INVERTER - R32 - RAPG312HFEOZ1,,,,Hitachi,RAPG312HFEOZ1,1 Tons,688.96 Kilowatt Hours,18-04-2023,https://amazon.in/SPLIT-AC-HITACHI-INVERTER-RAPG312HFEOZ1/dp/B09WDTYJ54/ref=sr_1_73?qid=1681801010&s=kitchen&sr=1-73
"Daikin 1 Ton 5 Star Triple Display, Dew Clean Technology, Inverter Split AC",,,,Daikin,FTKM35U,1 Tons,523.54 Kilowatt Hours Per Year,18-04-2023,https://amazon.in/Daikin-Display-Technology-Inverter-FTKM35U/dp/B09SW7RWSD/ref=sr_1_74?qid=1681801010&s=kitchen&sr=1-74
Voltas SAC 123 Vectra Platina Fixed Window AC 1 Ton,35900,19%,28990,Voltas,4011481,1 Tons,3100 Watts,18-04-2023,https://amazon.in/Voltas-Vectra-Platina-Fixed-Window/dp/B0BQYB5YVF/ref=sr_1_75?qid=1681801356&s=kitchen&sr=1-75
Hitachi Split Ac - 1.5 Ton Kiyora 5200Fx I Fresh Inverter - R32 - RSRG518FFEO,,,,Hitachi,RSRG518FFEO,1.5 Tons,780.6 Kilowatt Hours,18-04-2023,https://amazon.in/SPLIT-AC-HITACHI-INVERTER-RSRG518FFEO/dp/B0B14J2VQ2/ref=sr_1_76?qid=1681801356&s=kitchen&sr=1-76
Daikin 1 Ton 3 Star Fixed Speed Split AC,,,,Daikin,FTL35U,1 Tons,656.44 Kilowatt Hours Per Year,18-04-2023,https://amazon.in/Daikin-Fixed-Copper-Filter-FTL35U/dp/B09R4RFRFY/ref=sr_1_77?qid=1681801356&s=kitchen&sr=1-77
Haier 1 Ton 3 Star Inverter Split AC,57490,44%,31990,Haier,HSU11V-TMS3BE-INV,1 Tons,688.52 Watts,18-04-2023,https://amazon.in/Haier-Inverter-Copper-Antibacterial-HSU11V-TMS3BE-INV/dp/B0BSFQZGXG/ref=sr_1_78?qid=1681801356&s=kitchen&sr=1-78
Blue Star 2 Ton 3 Star Fixed Speed Window AC,59990,30%,41990,Blue Star,WFA324LN,2 Tons,1453.77 Kilowatt Hours,18-04-2023,https://amazon.in/Blue-Star-Hydrophilic-Self-Diagnosis-WFA324LN/dp/B0BDML6FB1/ref=sr_1_79?qid=1681801356&s=kitchen&sr=1-79
Daikin 1.5 Ton 5 Star Inverter Split AC,73800,33%,49599,Daikin,JTKJ50U,1.5 Tons,785.67 Kilowatt Hours Per Year,18-04-2023,https://amazon.in/Daikin-Inverter-Copper-Filter-JTKJ50U/dp/B09R4RZR83/ref=sr_1_80?qid=1681801356&s=kitchen&sr=1-80
AmazonBasics 1 Ton 3 Star Inverter Split AC,50000,45%,27490,AmazonBasics,AB22INVAC3S06,1 Tons,3100 Watts,18-04-2023,https://amazon.in/Amazon-Basics-Inverter-Bacterial-Copper/dp/B0BCGHRM5F/ref=sr_1_81?qid=1681801356&s=kitchen&sr=1-81
Panasonic 1 Ton 4 Star Wi-Fi Inverter Smart Split AC,50600,29%,35990,Panasonic,CS/CU-NU12YKY4W,1 Tons,601.5 Kilowatt Hours,18-04-2023,https://amazon.in/Panasonic-Convertible-additional-Purification-CU-NU12YKY4W/dp/B0BRHZ5L1Z/ref=sr_1_82?qid=1681801356&s=kitchen&sr=1-82
Panasonic 1.5 Ton 5 Star Wi-Fi Inverter Smart Split AC,76900,28%,54990,Panasonic,CS/CU-HU18ZKYF,1.5 Tons,774.19 Kilowatt Hours,18-04-2023,https://amazon.in/Panasonic-Convertible-additional-Purification-CU-HU18ZKYF/dp/B0BRJJKXPT/ref=sr_1_83?qid=1681801356&s=kitchen&sr=1-83
"Cruise 1 Ton [Portable Antibacterial Coating, Dust Filter, Air Purifier, Dehumidifier Portable Ac",40900,27%,29990,Cruise,CPCATF-PQ3S12,1 Tons,1200 Kilowatt Hours,18-04-2023,https://amazon.in/Cruise-Portable-Control-CPCATF-PQ3S12-Exhaust/dp/B08954XBS7/ref=sr_1_84?qid=1681801356&s=kitchen&sr=1-84
LG 2 Ton 4 Star DUAL Inverter Wi-Fi Window AC,,,,LG,RW-Q24WWYA,2 Tons,1384.94 Kilowatt Hours Per Year,18-04-2023,https://amazon.in/LG-Inverter-Convertible-Protection-RW-Q24WWYA/dp/B0BQJKCJVP/ref=sr_1_85?qid=1681801356&s=kitchen&sr=1-85
Godrej 1.5 Ton 3 Star Inverter Split AC,45900,28%,33130,Godrej,D01126 SIC18TTC3-IDU,1.5 Tons,981.14 Kilowatt Hours Per Year,18-04-2023,https://amazon.in/Godrej-Inverter-Split-18TTC3-WWA-White/dp/B0BTYVYJ21/ref=sr_1_86?qid=1681801356&s=kitchen&sr=1-86
Candy 1.5 Ton 4 Star Dual DC Inverter Split AC,46000,32%,31490,Candy,C18S4IN,1.5 Tons,997 Kilowatt Hours Per Year,18-04-2023,https://amazon.in/Candy-Inverter-Split-Copper-C18S4IN-CG/dp/B09T4T4596/ref=sr_1_87?qid=1681801356&s=kitchen&sr=1-87
WINDOW AC - 1.5TR HITACHI NEW KAZE PLUS 3-STAR - R32 RAW318HFDOF,,,,Hitachi,RAW318HFDOF,1.5 Tons,1161.16 Kilowatt Hours,18-04-2023,https://amazon.in/WINDOW-AC-HITACHI-3-STAR-RAW318HFDOF/dp/B0BTPDVPNV/ref=sr_1_88?qid=1681801356&s=kitchen&sr=1-88
ONIDA 1.5 Ton 3 Star Inverter Split AC,43900,26%,32490,Onida,IR183DAS,1.5 Tons,969.15 Kilowatts,18-04-2023,https://amazon.in/ONIDA-Inverter-Copper-Filter-IR183DAS/dp/B0BQWVR6MJ/ref=sr_1_89?qid=1681801356&s=kitchen&sr=1-89
"Voltas 1 Ton 5 Star, Inverter Split AC",63990,37%,40399,Voltas,125V Vectra Elite,1 Tons,3500 Watts,18-04-2023,https://amazon.in/Voltas-Adjustable-Inverter-Copper-VECTRA/dp/B0BBFYBWX9/ref=sr_1_90?qid=1681801356&s=kitchen&sr=1-90
Panasonic 1.5 Ton 3 Star Hot and Cold Wi-Fi Inverter Smart Split AC,,,,Panasonic,,1.5 Tons,972.89 Kilowatt Hours,18-04-2023,https://amazon.in/Panasonic-Convertible-additional-Purification-CU-KZ18ZKYF/dp/B0BRJFLLJX/ref=sr_1_91?qid=1681801356&s=kitchen&sr=1-91
IFB 1.5 Ton 4 Star Gold Series Inverter Split AC,49390,28%,35490,IFB,CI1844X223G1,1.5 Tons,5210 Kilowatt Hours,18-04-2023,https://amazon.in/IFB-Inverter-Convertible-Cooling-CI1844X223G1/dp/B09R9W6LJR/ref=sr_1_92?qid=1681801356&s=kitchen&sr=1-92
"Voltas 1.5 Ton 3 Star, Fixed Speed Window AC",42990,33%,28833,Voltas,183 Vectra Elite,1.5 Tons,4950 Watts,18-04-2023,https://amazon.in/Voltas-Fixed-Window-Copper-Vectra/dp/B0BBFR2XL8/ref=sr_1_93?qid=1681801356&s=kitchen&sr=1-93
Carrier 1.5 Ton 3 Star Window AC,,,,Carrier,18k estrella Dx 3s,1.5 Tons,1206 Kilowatt Hours Per Year,18-04-2023,https://amazon.in/Carrier-Window-Copper-Estrella-Dx/dp/B0BGHPSH11/ref=sr_1_94?qid=1681801356&s=kitchen&sr=1-94
"Voltas 2 Ton 2 Star, Fixed Speed Window AC",47990,27%,34999,Voltas,242 Vectra Plus,2 Tons,5800 Watts,18-04-2023,https://amazon.in/Voltas-Fixed-Window-Copper-VECTRA/dp/B0BBFWYWS9/ref=sr_1_95?qid=1681801356&s=kitchen&sr=1-95
Blue Star 1.5 Ton 5 Star Inverter Window AC,54990,24%,41890,Blue Star,WIB518LN,1.5 Tons,1082.57 Kilowatt Hours,18-04-2023,https://amazon.in/Blue-Star-Compressor-Technology-WIB518LN/dp/B0BDMPD3JP/ref=sr_1_96?qid=1681801356&s=kitchen&sr=1-96
Samsung 2 Ton 3 Star Wi-fi Enabled Inverter Split AC,83990,36%,53490,Samsung,AR24CYLZABE,2 Tons,1 Kilowatt Hours,18-04-2023,https://amazon.in/Samsung-Inverter-Convertible-Anti-bacterial-AR24CYLZABE/dp/B0BRQD4L93/ref=sr_1_97?qid=1681801356&s=kitchen&sr=1-97
ONIDA 1 Ton 3 Star Inverter Split AC,40900,24%,30990,Onida,IR123DAS,1 Tons,696.69 Kilowatts,18-04-2023,https://amazon.in/ONIDA-Inverter-Copper-Filter-IR123DAS/dp/B0BQWYKD3P/ref=sr_1_98?qid=1681801356&s=kitchen&sr=1-98
ONIDA 1 Ton 3 Star Inverter Split AC,40900,24%,30990,Onida,IR123DAS,1 Tons,696.69 Kilowatts,18-04-2023,https://amazon.in/ONIDA-Inverter-Copper-Filter-IR123DAS/dp/B0BQWYKD3P/ref=sr_1_99?qid=1681801699&s=kitchen&sr=1-99
Godrej 1 Ton 3 Star Inverter Split AC,,,,Godrej,40101701SD00881,1 Tons,752.51 Kilowatt Hours Per Year,18-04-2023,https://amazon.in/Godrej-Inverter-Copper-Anti-bacterial-12TTC3-WUA/dp/B092DKYDW2/ref=sr_1_100?qid=1681801699&s=kitchen&sr=1-100
Panasonic 1.5 Ton 3 Star Twin-Cool Inverter Split Air Conditioner,37490,5%,35490,Panasonic,CS/CU-RU18XKYTA,1.5 Tons,1002.72 Kilowatt Hours,18-04-2023,https://amazon.in/Panasonic-Conditioner-Convertible-Anti-Corrosion-CU-RU18XKYTA/dp/B09R4G1ZNJ/ref=sr_1_101?qid=1681801699&s=kitchen&sr=1-101
LG 1.5 Ton 3 Star DUAL Inverter Split AC,64990,40%,38990,LG,PS-Q18RNXA1,1.5 Tons,852.44 Kilowatt Hours Per Year,18-04-2023,https://amazon.in/LG-Convertible-Anti-Virus-Protection-PS-Q18RNXA1/dp/B0BD5GC76Y/ref=sr_1_102?qid=1681801699&s=kitchen&sr=1-102
Voltas 1.4 Ton 5 Star Inverter Adjustable Split AC,79999,48%,41980,Voltas,175V ADJ,1.4 Tons,830.48 Kilowatt Hours Per Year,18-04-2023,https://amazon.in/Voltas-Inverter-Adjustable-175V-ADJ/dp/B08TB54NGQ/ref=sr_1_103?qid=1681801699&s=kitchen&sr=1-103
Voltas 1.5 Ton 5 Star Inverter Split AC,71990,38%,44880,,,,,18-04-2023,https://amazon.in/Voltas-Inverter-Copper-185V-CAZAF/dp/B0B2P5XXPN/ref=sr_1_104?qid=1681801699&s=kitchen&sr=1-104
"ùêÄùêàùêë ùêÇùêéùêçùêÉùêàùêìùêàùêéùêçùêÑùêë Portable Air Conditioner, Effective Cooling & Low Noise USB Charge Air Conditioner Fan with 3 Speeds 7 Colors for Home, Office and Room",22399,50%,11192,,,,,18-04-2023,https://amazon.in/%F0%9D%90%82%F0%9D%90%8E%F0%9D%90%8D%F0%9D%90%83%F0%9D%90%88%F0%9D%90%93%F0%9D%90%88%F0%9D%90%8E%F0%9D%90%8D%F0%9D%90%84%F0%9D%90%91-Portable-Conditioner-Effective-Cooling/dp/B0922NWKBV/ref=sr_1_105?qid=1681801699&s=kitchen&sr=1-105
"Daikin 1.5 Ton 3 Star KATAI Technology, Fixed Speed Split AC",55600,27%,40690,Daikin,FTL50UV16V7,1.5 Tons,1009.44 Kilowatt Hours Per Year,18-04-2023,https://amazon.in/Daikin-KATAI-Technology-Fixed-FTL50UV16V7/dp/B09R8YQBM6/ref=sr_1_106?qid=1681801699&s=kitchen&sr=1-106
Carrier 1 Ton 3 Star Fixed Speed Split AC,54590,41%,31990,Carrier,CAS12ES3R32F1,1 Tons,727.66 Kilowatt Hours Per Year,18-04-2023,https://amazon.in/Carrier-Split-Copper-ESTER-filter/dp/B0B67S3JH9/ref=sr_1_107?qid=1681801699&s=kitchen&sr=1-107
"Hexzone Floor AC Stand Certified Special Coated Super Quality Split Ac Air Conditioner Outdoor Unit Stand for 1 Ton, 1.1 Ton, 1.2 Ton, 1.5 Ton, 2 Ton Outdoor Units",1249,46%,679,,,,,18-04-2023,https://amazon.in/Hexzone-Certified-Special-Quality-Conditioner/dp/B08CH9C1NG/ref=sr_1_108?qid=1681801699&s=kitchen&sr=1-108
"Portable Air Conditioner,4000mAh Rechargeable Office Air Conditioner in Three Speeds&Spray Speed,Portable Evaporative Cooling Fan with Spray for Home Bedroom Office",9999,36%,6429,,,,,18-04-2023,https://amazon.in/Portable-Conditioner-4000mAh-Rechargeable-Evaporative/dp/B09TZW2GC1/ref=sr_1_109?qid=1681801699&s=kitchen&sr=1-109
Panasonic 1.5 Ton 5 Star Wi-Fi Inverter Smart Split AC,72900,30%,50990,Panasonic,CS/CU-XU18YKY5W,1.5 Tons,774.19 Kilowatt Hours,18-04-2023,https://amazon.in/Panasonic-Convertible-additional-Purification-CU-XU18YKY5W/dp/B0BRJFX326/ref=sr_1_110?qid=1681801699&s=kitchen&sr=1-110
Daikin 1.5 Ton 5 Star Dust Filter Window AC,,,,Daikin,FRWF50TV162,1.5 Tons,1133 Kilowatt Hours Per Year,18-04-2023,https://amazon.in/Daikin-1-5-Ton-Star-Window/dp/B08BQHB8HD/ref=sr_1_111?qid=1681801699&s=kitchen&sr=1-111
SPLIT AC - 1.5TR CLASS HITACHI IZEN 3400FXL FROST WASH INVERTER - R32 - RAS.G318PCAISF,,,,Hitachi,RAS.G318PCAISF,1.5 Tons,1024.34 Kilowatt Hours,18-04-2023,https://amazon.in/SPLIT-AC-HITACHI-INVERTER-RAS-G318PCAISF/dp/B0BTVRM525/ref=sr_1_112?qid=1681801699&s=kitchen&sr=1-112
Equator 220V/950W Silver Outdoor Air Conditioner Freestanding Weatherized,49000,39%,29990,Equator Advanced Appliances,OAC 2500,0.75 Tons,950 Watts,18-04-2023,https://amazon.in/Equator-Outdoor-Conditioner-Freestanding-Weatherized/dp/B0BGS1HMT9/ref=sr_1_113?qid=1681801699&s=kitchen&sr=1-113
Hitachi 1.0 Ton 3 Star Fixed Speed Split AC,,,,Hitachi,RAS.B312PCAIBA,1 Tons,706.76 Kilowatt Hours,18-04-2023,https://amazon.in/Hitachi-Copper-Filter-Senpai-R32-RAS-B312PCAIBA/dp/B0BQ79YT4N/ref=sr_1_114?qid=1681801699&s=kitchen&sr=1-114
Godrej 1.5 Ton 3 Star Inverter Split AC,43900,23%,33990,Godrej,40101701SD00984,1.5 Tons,1046.3 Kilowatt Hours Per Year,18-04-2023,https://amazon.in/Godrej-convertible-Nano-Coated-anti-viral-18TTC3-GVA/dp/B09TFKW51W/ref=sr_1_115?qid=1681801699&s=kitchen&sr=1-115
Carrier 1.5 Ton 3 Star Non-Inverter Split AC,55990,29%,39980,Carrier,CAS18DN3R39F0+CF183R3AC9,,,18-04-2023,https://amazon.in/Carrier-Inverter-Spilt-Copper-Durafresh-Nx/dp/B0861T6538/ref=sr_1_116?qid=1681801699&s=kitchen&sr=1-116
Blue Star Air Conditioner|1.5 Ton 3 Star|Fixed Speed Split AC|Copper|FC318DNU|2022|White,59990,33%,39990,Blue Star,FC318DNU,1.5 Tons,1079.88 Watts,18-04-2023,https://amazon.in/Blue-Star-Conditioner-Copper-FC318DNU/dp/B0BMB2N36Y/ref=sr_1_117?qid=1681801699&s=kitchen&sr=1-117
"Daikin 2.02 Ton 3 Star, Inverter Split AC",86800,28%,62590,Daikin,FTKL71UV16,2.02 Tons,1372.85 Kilowatt Hours Per Year,18-04-2023,https://amazon.in/Daikin-Inverter-Copper-Filter-FTKL71UV16/dp/B0BHYKCBBK/ref=sr_1_118?qid=1681801699&s=kitchen&sr=1-118
Hitachi 1.5 Ton 5 Star Inverter Split AC,60500,30%,42490,Hitachi,RSRG518HEEA,1.5 Tons,897.84 Kilowatt Hours,18-04-2023,https://amazon.in/Hitachi-Inverter-Copper-Filter-RSRG518HEEA/dp/B08Z47LWL4/ref=sr_1_119?qid=1681801699&s=kitchen&sr=1-119
LG DUAL Inverter Window AC,,,,LG,LG WIN AC RW-Q18WWZA.ANLG,1.5 Tons,5000 Watts,18-04-2023,https://amazon.in/LG-Inverter-AC-Convertible-Cooling/dp/B0BX6YB3H5/ref=sr_1_120?qid=1681801699&s=kitchen&sr=1-120
Amazon Basics 1 Ton 4 Star Fixed Speed Window AC,33990,24%,25790,AmazonBasics,AB2021INAC029,1 Tons,,18-04-2023,https://amazon.in/AmazonBasics-1-5-Ton-Air-Conditioner/dp/B08J8V4QHD/ref=sr_1_121?qid=1681801699&s=kitchen&sr=1-121
Daikin 1 Ton 5 Star Inverter Split AC,58800,31%,40773,Daikin,FTKR35U,1 Tons,523.54 Kilowatt Hours Per Year,18-04-2023,https://amazon.in/Daikin-Inverter-Copper-Filter-FTKR35U/dp/B09R4RJ4F2/ref=sr_1_122?qid=1681801699&s=kitchen&sr=1-122
"Voltas 1 Ton 3 Star, Inverter Split AC",56990,45%,31599,Voltas,123V Vectra Pride,1 Tons,3300 Watts,18-04-2023,https://amazon.in/Voltas-Adjustable-Inverter-Copper-VECTRA/dp/B0BBFWNK7G/ref=sr_1_123?qid=1681802039&s=kitchen&sr=1-123
Voltas 2 Ton 5 Star Inverter Split AC,84990,32%,57990,Voltas,245V CAZZ,2 Tons,1560 Kilowatt Hours Per Year,18-04-2023,https://amazon.in/Voltas-Inverter-Condenser-245V-CAZZ/dp/B0B1BYQ8XP/ref=sr_1_124?qid=1681802039&s=kitchen&sr=1-124
AC Stand/Heavy Duty Air Conditioner Outdoor Unit Mounting Bracket,999,30%,699,,,,,18-04-2023,https://amazon.in/Stand-Conditioner-Outdoor-Mounting-Bracket/dp/B0BH8CN285/ref=sr_1_125?qid=1681802039&s=kitchen&sr=1-125
"Voltas 2 Ton 3 Star, Fixed Speed Split AC",81990,38%,50499,Voltas,243 Vectra Plus,2 Tons,6500 Watts,18-04-2023,https://amazon.in/Voltas-Anti-dust-243-Vectra-Plus/dp/B0BQR3D9V6/ref=sr_1_126?qid=1681802039&s=kitchen&sr=1-126
Haier 1.5 Ton 3 Star Inverter Split AC,65990,47%,34989,Haier,HSU18K-PYS3BE1-INV,1.5 Tons,1020.54 Watts,18-04-2023,https://amazon.in/Haier-Inverter-Convertible-Antibacterial-HSU18K-PYS3BE1-INV/dp/B0BSFS5HF9/ref=sr_1_127?qid=1681802039&s=kitchen&sr=1-127
Hexzone¬Æ TAFTA Outdoor Ac Stand,1349,56%,599,,,,,18-04-2023,https://amazon.in/Hexzone%C2%AE-TAFTA-Outdoor-Stand-Wall/dp/B0B2SK5B6Y/ref=sr_1_128?qid=1681802039&s=kitchen&sr=1-128
Voltas Split AC 1.5 Ton 3 Star,59990,37%,37980,Voltas,4503195- 183 DZR,1.5 Tons,1102.33 Kilowatt Hours,18-04-2023,https://amazon.in/Voltas-Split-Star-183-DZR/dp/B09SN67FVJ/ref=sr_1_129?qid=1681802039&s=kitchen&sr=1-129
Voltas 2 Ton 3 Star Inverter Compressor Split AC,75990,37%,47999,Voltas,SAC 243V SZS(R32),2 Tons,129.92 Kilowatt Hours Per Year,18-04-2023,https://amazon.in/Voltas-243V-SZS-Split-Inverter/dp/B089QD4PDH/ref=sr_1_130_mod_primary_new?qid=1681802039&s=kitchen&sbo=RZvfv%2F%2FHxDF%2BO5021pAnSA%3D%3D&sr=1-130
Godrej 1 Ton 3 Star Inverter Split AC,41900,32%,28480,Godrej,SIC 12TTC3-WWA,1 Tons,694.03 Kilowatt Hours Per Year,18-04-2023,https://amazon.in/Godrej-convertible-Nano-Coated-SIC-12TTC3-WWA/dp/B0BT9WXSC1/ref=sr_1_131?qid=1681802039&s=kitchen&sr=1-131
LG 1.5 Ton 4 Star DUAL Inverter Split AC,59990,27%,43890,LG,PS-Q19RNYE,1.5 Tons,920.82 Kilowatt Hours Per Year,18-04-2023,https://amazon.in/LG-Convertible-Anti-Virus-Protection-PS-Q19RNYE/dp/B09NS5Y4BG/ref=sr_1_132?qid=1681802039&s=kitchen&sr=1-132
"Ogeneral ASGA24BMWA 2.1 Ton 3 Star Fixed Speed Split Air Conditioner ASGA24BMWA, white",,,,Ogeneral,ASGA24BMWA,2 Tons,1250 Watts,18-04-2023,https://amazon.in/Ogeneral-ASGA24BMWA-Fixed-Speed-Conditioner/dp/B09DX2ZR2V/ref=sr_1_133?qid=1681802039&s=kitchen&sr=1-133
LG 1.5 Ton 3 Star Hot & Cold DUAL Inverter Split AC,,,,LG,PS-H19VNXF,1.5 Tons,1015.7 Kilowatt Hours Per Year,18-04-2023,https://amazon.in/LG-Inverter-Convertible-Allergic-PS-H19VNXF/dp/B09NS5B6TP/ref=sr_1_134?qid=1681802039&s=kitchen&sr=1-134
Daikin 1.0 Ton 4 Star Inverter Split AC,48200,17%,39990,Daikin,ATKL35UV16,1 Tons,680 Kilowatt Hours,18-04-2023,https://amazon.in/Daikin-Inverter-Split-ATKL35UV16-White/dp/B09SW6XS13/ref=sr_1_135?qid=1681802039&s=kitchen&sr=1-135
Godrej 1 Ton 3 Star Inverter Split AC,36900,19%,29990,Godrej,40101701SD01030,1 Tons,752.51 Kilowatt Hours Per Year,18-04-2023,https://amazon.in/Godrej-Inverter-Nano-Coated-anti-viral-12TTC3-GVA/dp/B09TL67VYW/ref=sr_1_136?qid=1681802039&s=kitchen&sr=1-136
Voltas Split Inverter AC 1.5 Ton 3 Star,,,,Voltas,4503051- 183V CZQ,1.5 Tons,1036.6 Kilowatt Hours,18-04-2023,https://amazon.in/Voltas-Split-Inverter-183V-CZQ/dp/B09G391BM1/ref=sr_1_137?qid=1681802039&s=kitchen&sr=1-137
Haier Frost Clean Inverter Split AC,52000,2%,51000,Haier,HSU22E-TXS3B(INV),2 Tons,1291 Kilowatt Hours Per Year,18-04-2023,https://amazon.in/Haier-Inverter-Rating-HSU22E-TXS3B-INV/dp/B09SP8BLL3/ref=sr_1_138?qid=1681802039&s=kitchen&sr=1-138
Godrej 1.5 Ton 5 Star Inverter Split AC,54900,32%,37499,Godrej,GIC 18HTC5-WTA,1.5 Tons,865.83 Kilowatt Hours,18-04-2023,https://amazon.in/Godrej-Inverter-Copper-GIC-18HTC5-WTA/dp/B083NYWBWK/ref=sr_1_139?qid=1681802039&s=kitchen&sr=1-139
"Daikin 1.8 Ton 3 Star KATAI Technology, Fixed Speed Split AC",,,,Daikin,FTQ60UV16U5,1.8 Tons,1357.01 Kilowatt Hours Per Year,18-04-2023,https://amazon.in/Daikin-KATAI-Technology-Fixed-FTQ60UV16U5/dp/B09R9RQZ9L/ref=sr_1_140?qid=1681802039&s=kitchen&sr=1-140
Samsung 1 Ton 3 Star Inverter Split AC,50990,33%,34350,Samsung,AR12CY3ZAGD,1 Tons,960 Kilowatt Hours Per Year,18-04-2023,https://amazon.in/Samsung-Inverter-Convertible-Anti-bacterial-AR12CY3ZAGD/dp/B0BSGSR6T9/ref=sr_1_141?qid=1681802039&s=kitchen&sr=1-141
Voltas 2 Ton 2 Star Window AC,59999,35%,38980,Voltas,242LZH,2 Tons,1660.46 Kilowatt Hours,18-04-2023,https://amazon.in/Voltas-Star-rating-Window-White/dp/B07DB7HWZC/ref=sr_1_142?qid=1681802039&s=kitchen&sr=1-142
Panasonic 1.5 Ton 4 Star Wi-Fi Inverter Smart Split AC,66900,30%,46990,Panasonic,CS/CU-PU18YKY4W,1.5 Tons,885.4 Kilowatt Hours,18-04-2023,https://amazon.in/Panasonic-Convertible-additional-Purification-CU-PU18YKY4W/dp/B0BRJK7K99/ref=sr_1_143?qid=1681802039&s=kitchen&sr=1-143
O-General 1 Ton 5 Star EFFICIENT & TROPICAL Inverter Split AC,,,,,,,,18-04-2023,https://amazon.in/General-EFFICIENT-TROPICAL-Condenser-ASGG12CGTB-B/dp/B09JGNFZ54/ref=sr_1_144?qid=1681802039&s=kitchen&sr=1-144
Blue Star Air Conditioner|2 Ton 5 Star|Inverter Split AC|IA524DNU|2022|White,79990,25%,59980,Blue Star,IA524DNU,2 Tons,935.85 Watts,18-04-2023,https://amazon.in/Blue-Star-Conditioner-Inverter-IA524DNU/dp/B0BMB2MQ5L/ref=sr_1_145?qid=1681802039&s=kitchen&sr=1-145
Panasonic 1 Ton 5 Star Wi-Fi Inverter Smart Split AC,64400,30%,44990,Panasonic,CS/CU-XU12YKY5W,1 Tons,531.41 Kilowatt Hours,18-04-2023,https://amazon.in/Panasonic-Convertible-additional-Purification-CU-XU12YKY5W/dp/B0BRJG2P64/ref=sr_1_146?qid=1681802039&s=kitchen&sr=1-146
Blue Star 1.5 Ton 2 Star Fixed Speed Split AC,52500,32%,35490,Blue Star,FA218YNU,1.5 Tons,1127.1 Kilowatt Hours Per Year,18-04-2023,https://amazon.in/Blue-Star-Corrosive-Stabiliser-FA218YNU/dp/B0BQVPKT74/ref=sr_1_147?qid=1681802383&s=kitchen&sr=1-147
Lloyd Havells 0.8 Ton 3 Star Inverter Split Ac,41990,32%,28599,Lloyd,GLS09I3FWSEL,0.8 Tons,585.16 Kilowatt Hours,18-04-2023,https://amazon.in/Lloyd-Inverter-Anti-Viral-Filter-GLS09I3FWSEL/dp/B09SGN2N8P/ref=sr_1_148?qid=1681802383&s=kitchen&sr=1-148
Samsung 1 Ton 3 Star Wind-Free Technology Inverter Split AC,54990,32%,37370,Samsung,AR12CY3APWK,1 Tons,960 Kilowatt Hours Per Year,18-04-2023,https://amazon.in/Samsung-Technology-Convertible-Anti-bacterial-AR12CY3APWK/dp/B0BSGTWM7Y/ref=sr_1_149?qid=1681802383&s=kitchen&sr=1-149
LG 1 Ton 3 Star DUAL Inverter Split AC,75990,50%,37890,LG,PS-Q12YNXE1,1 Tons,680.58 Kilowatt Hours Per Year,18-04-2023,https://amazon.in/LG-Convertible-Anti-Virus-Protection-PS-Q12YNXE1/dp/B09NS6KFP1/ref=sr_1_150?qid=1681802383&s=kitchen&sr=1-150
LG 2.0 Ton 3 Star AI DUAL Inverter Split AC,85990,34%,56800,LG,PS-Q24HNXE,2 Tons,1232.78 Kilowatt Hours Per Year,18-04-2023,https://amazon.in/LG-Convertible-Anti-Virus-Protection-PS-Q24HNXE/dp/B09NS4BRK3/ref=sr_1_151?qid=1681802383&s=kitchen&sr=1-151
Carrier 1.5 Ton 3 Star Inverter Split AC,53990,26%,39870,Carrier,CAI18EK3R30F0 ESKO NEO-i INV,1.5 Tons,1058.16 Kilowatt Hours,18-04-2023,https://amazon.in/Carrier-Inverter-CAI18EK3R30F0-ESKO-NEO-i/dp/B084XM2CMC/ref=sr_1_152?qid=1681802383&s=kitchen&sr=1-152
Carrier Emperia Bxi 18K 1.5 Ton 3 Star Split System Hybridjet Inverter AC with Flexicool Technology,44999,10%,40600,Carrier,18K 3 STAR EMPERIA BXI HYBRIDJET,,1058.16 Kilowatt Hours,18-04-2023,https://amazon.in/Carrier-18K-Hybridjet-Flexicool-Technology/dp/B097TQK7M6/ref=sr_1_153?qid=1681802383&s=kitchen&sr=1-153
Daikin 1.5 Ton 5 Star Inverter Split AC,81200,25%,60897,Daikin,FTKF50U,1.5 Tons,667.36 Kilowatt Hours Per Year,18-04-2023,https://amazon.in/Daikin-Inverter-Copper-Filter-FTKF50U/dp/B09R8VM7PW/ref=sr_1_154?qid=1681802383&s=kitchen&sr=1-154
Blue Star 1.5 Ton 5 Star Inverter Window AC,79990,49%,40980,Blue Star,WIA518LN,1.5 Tons,1565 Watts,18-04-2023,https://amazon.in/Blue-Star-Inverter-Window-WIA518LN/dp/B09RTFZMXK/ref=sr_1_155?qid=1681802383&s=kitchen&sr=1-155
Voltas 1 Ton 5 Star Inverter Split AC,57990,34%,37990,Voltas,125V DZV,1 Tons,,18-04-2023,https://amazon.in/Voltas-Inverter-Copper-125V-DZV/dp/B079MD88PJ/ref=sr_1_156?qid=1681802383&s=kitchen&sr=1-156
Samsung 1.5 Ton 3 Star Inverter Split AC,60990,36%,38880,Samsung,AR18CY3ZAGD,1.5 Tons,1560 Kilowatt Hours Per Year,18-04-2023,https://amazon.in/Samsung-Inverter-Convertible-Anti-bacterial-AR18CY3ZAGD/dp/B0BSGT2565/ref=sr_1_157?qid=1681802383&s=kitchen&sr=1-157
Voltas 1 Ton 3 Star Split Air Conditioner with High Ambient Cooling.,59990,44%,33480,Voltas,123V CZQ,,940 Kilowatt Hours Per Year,18-04-2023,https://amazon.in/Voltas-Conditioner-Cooling-123V-CZQ/dp/B097YQPMB5/ref=sr_1_158?qid=1681802383&s=kitchen&sr=1-158
"Voltas Adjustable Inverter Split System AC, 1.5 Ton, 3 Star-183V CAZAZ",,,,Voltas,183V CAZAZ,1.5 Tons,1036.6 Kilowatt Hours Per Year,18-04-2023,https://amazon.in/Voltas-Adjustable-Inverter-star-183V-CAZAZ/dp/B09YRWQ1CH/ref=sr_1_159?qid=1681802383&s=kitchen&sr=1-159
LG 1.5 Ton 5 Star Inverter Split AC,63990,30%,44990,LG,LS-Q18KNZA,1.5 Tons,835.5 Kilowatt Hours,18-04-2023,https://amazon.in/LG-Inverter-Split-Copper-LS-Q18KNZA/dp/B087ZXJ1V4/ref=sr_1_160?qid=1681802383&s=kitchen&sr=1-160
Carrier 1.5 Ton 5 Star Hybridjet Inverter Split AC CAI18IN5R31W1,,,,Carrier,CAI18IN5R31W1,1.5 Tons,871 Kilowatt Hours Per Year,18-04-2023,https://amazon.in/Carrier-Hybridjet-CAI18IN5R31W1-Flexicool-Anti-Viral/dp/B09YXR8FV9/ref=sr_1_161?qid=1681802383&s=kitchen&sr=1-161
"OGeneral 1.51066 Ton 3 Star Split Inverter Air Conditioner ASGA18CLWA-B, White",,,,OGeneral,ASGA18CLWA,1.5 Tons,1150 Kilowatt Hours Per Year,18-04-2023,https://amazon.in/OGeneral-1-51066-Inverter-Conditioner-ASGA18CLWA-B/dp/B09WMTZH5C/ref=sr_1_162?qid=1681802383&s=kitchen&sr=1-162
Godrej 1 Ton 5 Star Inverter Split Ac,45000,24%,33999,Godrej,40101701SD00875,1 Tons,584.46 Kilowatt Hours Per Year,18-04-2023,https://amazon.in/Godrej-Inverter-12TGC5-refrigerant-Compressor/dp/B09FLZV82H/ref=sr_1_163?qid=1681802383&s=kitchen&sr=1-163
Voltas 1.5 Ton 3 Star Split Inverter Air Conditioner,59990,39%,36480,Voltas,183VCZP,,230 Kilowatt Hours,18-04-2023,https://amazon.in/Voltas-Split-Inverter-Conditioner-183VCZP/dp/B09HKW5PHC/ref=sr_1_164?qid=1681802383&s=kitchen&sr=1-164
"Ontel Arctic Air Freedom Portable Personal Air Cooler, Small",,,5065,Ontel,,,,18-04-2023,https://amazon.in/Ontel-Arctic-Freedom-Portable-Personal/dp/B08SHJ47JL/ref=sr_1_165?qid=1681802383&s=kitchen&sr=1-165
Daikin 1 Ton 5 Star Wi-Fi Inverter Split AC,55200,22%,42999,Daikin,FTKR35TV,1 Tons,576.84 Kilowatt Hours,18-04-2023,https://amazon.in/Daikin-Wi-Fi-Inverter-Copper-FTKR35TV/dp/B07QJ5ZTRF/ref=sr_1_166?qid=1681802383&s=kitchen&sr=1-166
"Lloyd 1.5 Ton 3 Star 5 in 1 Convertible Inverter Split AC with Anti-Viral + PM 2.5 Filter, Wi-Fi Ready",61990,37%,38989,Lloyd,GLS18I3FWSCV,1.5 Tons,1137 Kilowatt Hours,18-04-2023,https://amazon.in/Lloyd-Convertible-Anti-Viral-GLS18I3FWSCV-Installation/dp/B0BV3FY169/ref=sr_1_167?qid=1681802383&s=kitchen&sr=1-167
"Voltas 1.5 Ton 3 Star, Fixed Speed Split AC",,,,Voltas,183 Vectra Elegant,1.5 Tons,4900 Watts,18-04-2023,https://amazon.in/Voltas-Anti-dust-183-Vectra-Elegant/dp/B0BQR2WMHX/ref=sr_1_168?qid=1681802383&s=kitchen&sr=1-168
"Godrej 1.5 Ton 3 Star, Hot & Cold, Inverter Split AC",65900,36%,41990,Godrej,AC 1.5T SIH 18ITC3-WWR,1.5 Tons,959.23 Kilowatt Hours Per Year,18-04-2023,https://amazon.in/Godrej-Anti-Freeze-1-5T-SIH-18ITC3-WWR/dp/B0BP817FQT/ref=sr_1_169?qid=1681802383&s=kitchen&sr=1-169
Voltas 1 Ph Rot. SAC C2-N Venture I-Cassette AC,98100,24%,74890,Voltas,2.00T Venturei Casst1 Ph Rot. SAC(C2-N),2 Tons,,18-04-2023,https://amazon.in/Voltas-Ph-Rot-SAC-C2-N/dp/B00LWRR1Q6/ref=sr_1_170?qid=1681802383&s=kitchen&sr=1-170
Panasonic 2.2 Ton 4 Star Inverter Split Smart AC,87900,20%,69989,Panasonic,CS/CU-QU26ZKYF,2.2 Tons,1349.53 Kilowatt Hours,18-04-2023,https://amazon.in/Panasonic-Convertible-Purification-CS-CU-QU26ZKYF/dp/B0BRXPTPD5/ref=sr_1_171?qid=1681802724&s=kitchen&sr=1-171
LG 1.5 Ton 4 Star Inverter Split AC,59990,27%,43890,,,Large,,18-04-2023,https://amazon.in/LG-Convertible-Anti-Virus-Protection-MS-Q18HNYA1/dp/B08R93PZK5/ref=sr_1_172?qid=1681802724&s=kitchen&sr=1-172
Voltas 1.5 Ton 3 Star Split Inverter AC - White,61990,42%,35880,Voltas,183V XAZX,1.5 Tons,1056 Kilowatt Hours Per Year,18-04-2023,https://amazon.in/Voltas-1-5-Star-Split-Inverter/dp/B09X5JLZP4/ref=sr_1_173?qid=1681802724&s=kitchen&sr=1-173
1.5 Ton 5 Star Window AC,,,,Generic,CW-XN182AM,1.5 Tons,1168.9 Kilowatt Hours,18-04-2023,https://amazon.in/Window-Copper-Filter-Model-CW-XN182AM/dp/B09ZF356P4/ref=sr_1_174?qid=1681802724&s=kitchen&sr=1-174
"Personal Air Conditioners Portable AC Mini Air Conditioner for Office Dorm Room,Small AC Desktop Air Cooler Fan with Humidifier,3 Wind Speed,7 Color light",,,8711,,,,,18-04-2023,https://amazon.in/Personal-Conditioners-Portable-Conditioner-Humidifier/dp/B09R1XY38M/ref=sr_1_175?qid=1681802724&s=kitchen&sr=1-175
Lloyd 1.5 Ton 3 Star Heavy & Duty Hot & Cold Inverter Split AC,,,,Lloyd,GLS18H3FWRHD,1.5 Tons,1010.76 Kilowatt Hours,18-04-2023,https://amazon.in/Lloyd-Inverter-Convertible-Anti-Viral-Model-GLS18H3FWRHD/dp/B0BTXLBSSN/ref=sr_1_176?qid=1681802724&s=kitchen&sr=1-176
Carrier 1 Ton 3 Star Non-Inverter Split AC,79990,56%,34980,Carrier,ESKO NEO R32 (F001) CAS12EK3R39F0,1 Tons,,18-04-2023,https://amazon.in/Carrier-Split-Copper-CAS12EK3R39F0-CF123R3CC90/dp/B07N2WLLJK/ref=sr_1_177?qid=1681802724&s=kitchen&sr=1-177
"Voltas Adjustable Inverter AC, 1.5 Ton, 3 Star- 183V Vectra Prime",64990,48%,33990,Voltas,,,,18-04-2023,https://amazon.in/Voltas-Adjustable-Inverter-Star-Vectra/dp/B0BSD3ZVSN/ref=sr_1_178?qid=1681802724&s=kitchen&sr=1-178
RISARYA H20R1203 IGBT 1PCS POWER TRANSISTOR 20A 1200V REVERSE CONDUCTING HEATING AND WIDELY USED IN INDUCTION COOKER T0247 PACKAGE,499,60%,199,RISARYA,,,,18-04-2023,https://amazon.in/RISARYA-H20R1203-TRANSISTOR-CONDUCTING-INDUCTION/dp/B0925R9BK2/ref=sr_1_179?qid=1681802724&s=kitchen&sr=1-179
Haier 1.2 Ton 3 Star Inverter Split AC,60991,47%,32490,Haier,HSU15V-TMS3BE-INV,1.2 Tons,804.22 Watts,18-04-2023,https://amazon.in/Haier-Inverter-Copper-Antibacterial-HSU15V-TMS3BE-INV/dp/B0BSFPY51K/ref=sr_1_180?qid=1681802724&s=kitchen&sr=1-180
Voltas 1.5 Ton 3 Star Non-Inverter Split AC,55890,30%,38990,Voltas,183DZZ,1.5 Tons,,18-04-2023,https://amazon.in/Voltas-Split-Copper-183DZZ-White/dp/B07N8FJJHD/ref=sr_1_181?qid=1681802724&s=kitchen&sr=1-181
Lloyd 1.5 Ton 3 Star Fixed Speed Split Air Conditioner With PM 2.5 Air Filter & Anti Viral Dust Filter Smart 4-way Swing,,,,Lloyd,GLS18C3YWADS,1.5 Tons,1110 Kilowatt Hours Per Year,18-04-2023,https://amazon.in/Lloyd-Fixed-Conditioner-Filter-Copper/dp/B0BTXK3F65/ref=sr_1_182?qid=1681802724&s=kitchen&sr=1-182
Lloyd 1.5 Ton 5 Star Split Inverter AC - White,61990,36%,39780,Lloyd,GLS18I5FWCBP,1.5 Tons,895 Kilowatt Hours Per Year,18-04-2023,https://amazon.in/Lloyd-1-5-Star-Split-Inverter/dp/B09X5LNB3K/ref=sr_1_183?qid=1681802724&s=kitchen&sr=1-183
Carrier 1.0 Ton 5 Star Emperia CXI Inverter Split AC,59990,33%,39980,Carrier,12K 5 STAR EMPERIA CXi HYBRIDJET,1 Tons,594.17 Kilowatts,18-04-2023,https://amazon.in/Carrier-Emperia-Inverter-Split-CAI12EN5R30W1/dp/B09W29V8RK/ref=sr_1_184?qid=1681802724&s=kitchen&sr=1-184
Symphony Diet 22i 22 Litre Air Cooler,,,,Symphony,,,,18-04-2023,https://amazon.in/Symphony-Diet-22i-Cooler-Control/dp/B00GII0U30/ref=sr_1_185?qid=1681802724&s=kitchen&sr=1-185
"Haier 1.5 Ton 3 Star, WiFi, Inverter Split AC",67990,43%,38490,Haier,HSU18K-PYFR3BE1-INV,1.5 Tons,1020.54 Watts,18-04-2023,https://amazon.in/Haier-Inverter-Convertible-Antibacterial-HSU18K-PYFR3BE1-INV/dp/B0BSFQ4QQM/ref=sr_1_186?qid=1681802724&s=kitchen&sr=1-186
Blue Star 2.0 Ton 3 Star Fixed Speed Split AC,79990,31%,54880,Blue Star,FA324YLU,2 Tons,1760 Watts,18-04-2023,https://amazon.in/Blue-Star-Fixed-Copper-FA324YLU/dp/B09RFD8SW4/ref=sr_1_187?qid=1681802724&s=kitchen&sr=1-187
Daikin 1.8 Ton 5 Star Inverter Split AC,,,,Daikin,FTKR60U,1.8 Tons,923.07 Kilowatt Hours Per Year,18-04-2023,https://amazon.in/Daikin-Inverter-Copper-Filter-FTKR60U/dp/B09R4RMSHZ/ref=sr_1_188?qid=1681802724&s=kitchen&sr=1-188
Carrier 1.5 Ton 3 Star AI Flexicool Hybridjet Inverter Split AC,,,,Carrier,CAI18IN3R32F0,1.5 Tons,1046.3 Kilowatt Hours Per Year,18-04-2023,https://amazon.in/Carrier-Flexicool-Hybridjet-Inverter-Anti-Viral/dp/B0BV9SMQJ8/ref=sr_1_189?qid=1681802724&s=kitchen&sr=1-189
Voltas Split Inverter AC Floral 1.5 Ton 4 Star,62490,36%,40150,Voltas,4503079- 184V SZS-Floral,1.5 Tons,966.04 Kilowatt Hours,18-04-2023,https://amazon.in/Voltas-Inverter-Floral-184V-SZS-Floral/dp/B09SM74WDR/ref=sr_1_190?qid=1681802724&s=kitchen&sr=1-190
LG 1.5 Ton 5 Star AI+ DUAL Inverter Wi-Fi Split AC,83990,37%,52990,LG,RS-Q19UWZE,1.5 Tons,685.26 Kilowatt Hours Per Year,18-04-2023,https://amazon.in/LG-Convertible-Anti-Virus-Protection-RS-Q19UWZE/dp/B0BQ79L1DY/ref=sr_1_191?qid=1681802724&s=kitchen&sr=1-191
"Samsung 1.5 Ton 3 Star Wi-fi Enabled, Wind-Free Technology Inverter Split AC",64990,33%,43399,Samsung,AR18CY3AAGB,1.5 Tons,1560 Kilowatt Hours Per Year,18-04-2023,https://amazon.in/Samsung-Technology-Convertible-Anti-bacterial-AR18CY3AAGB/dp/B0BSGSSMGM/ref=sr_1_192?qid=1681802724&s=kitchen&sr=1-192
"Portable Air Conditioner,4 IN 1 Effective Evaporative Personal Air Cooler with 4 Wind Speed&2 Cool Mist,Small Cold Air Fan with 2-8H timer&Colorful Nightlight for Room,Office,Desk,Camping",,,10758,,,,,18-04-2023,https://amazon.in/Portable-Conditioner-Effective-Evaporative-Nightlight/dp/B0B2DLSMV9/ref=sr_1_193?qid=1681802724&s=kitchen&sr=1-193
Samsung 1 Ton 3 Star Inverter Split AC,50990,33%,34350,Samsung,AR12CY3ZAGD,1 Tons,960 Kilowatt Hours Per Year,18-04-2023,https://amazon.in/Samsung-Inverter-Convertible-Anti-bacterial-AR12CY3ZAGD/dp/B0BSGSR6T9/ref=sr_1_194?qid=1681802724&s=kitchen&sr=1-194
TOSHIBA 1 Ton 3 Star Inverter Split AC,,,,TOSHIBA,RAS-13HKCV3G-INT +RAS-13HACV3G-INT,1 Tons,618 Kilowatt Hours Per Year,18-04-2023,https://amazon.in/TOSHIBA-Inverter-System-RAS-13HKCV3G-INT-RAS-13HACV3G-INT/dp/B08YMZSJ4B/ref=sr_1_194?qid=1681803066&s=kitchen&sr=1-194
Lloyd 1.0 Ton 3 Star Inverter Split AC with Anti-Viral + PM 2.5 Filter,44990,27%,32990,Lloyd,GLS12I3FWAVG,1 Tons,698.49 Kilowatt Hours,18-04-2023,https://amazon.in/Lloyd-Anti-Viral-GLS12I3FWAVG-Indication-Installation/dp/B09TNRLJG6/ref=sr_1_195?qid=1681803066&s=kitchen&sr=1-195
"pstuiky Portable Air Conditioner Fan,Personal Space Mini Evaporative Air Cooler ,USB Desktop Silent Spray Refrigeration Swamp Cooler Humidifier for Room/Office/Camping Home",22990,50%,11490,,,,,18-04-2023,https://amazon.in/pstuiky-Conditioner-Evaporative-Refrigeration-Humidifier/dp/B0967M4Q4H/ref=sr_1_196?qid=1681803066&s=kitchen&sr=1-196
Haier Frost Clean Inverter Split AC with 5 in 1 easy Convertible,42490,2%,41500,Haier,HSU19E-TXB5B(INV),1.6 Tons,880 Kilowatt Hours Per Year,18-04-2023,https://amazon.in/Haier-Inverter-Convertible-HSU19E-TXB5B-INV/dp/B09SP3B4PH/ref=sr_1_197?qid=1681803066&s=kitchen&sr=1-197
Lloyd 5 in 1 Convertible 1 Ton 3 Star Inverter Split AC with Low Gas Detection,50990,39%,30990,Lloyd,LLOYD S.AC GLS12I3FWSBV-IND,1 Tons,698.49 Kilowatt Hours,18-04-2023,https://amazon.in/Lloyd-Convertible-Detection-Condenser-GLS12I3FWSBV/dp/B0BYDCXQD7/ref=sr_1_198?qid=1681803066&s=kitchen&sr=1-198
Haier 1 Ton 3 Star Inverter Split AC,60490,42%,34990,Haier,HSU13K-PYS3BE1-INV,1 Tons,694.49 Watts,18-04-2023,https://amazon.in/Haier-Inverter-Convertible-Antibacterial-HSU13K-PYS3BE1-INV/dp/B0BSFQQ92X/ref=sr_1_199?qid=1681803066&s=kitchen&sr=1-199
SUHANA Snow Falls 1.0 Ton 5 Star Non Inverter Split Air Conditioner AC with Energy Saver Technology,49088,29%,35000,SUHANA Snow falls,2022-23 SU12JSF0123R22,1 Tons,1200 Watts,18-04-2023,https://amazon.in/SUHANA-Snow-Conditioner-2022-23-SU12JSF0123R22/dp/B0BRNDNF2D/ref=sr_1_200?qid=1681803066&s=kitchen&sr=1-200
"Portable Air Conditioner Fan - Personal Air Conditioner with Icebox, Personal Air Cooler 3 Speeds, Evaporative Air Cooler for Home, Office, Camping & Outdoor, Mini Portable AC with 7 Colors Lights, USB Charging, Quiet",,,,,,,,18-04-2023,https://amazon.in/Portable-Air-Conditioner-Fan-Evaporative/dp/B09MTBPCX2/ref=sr_1_201?qid=1681803066&s=kitchen&sr=1-201
Daikin 1.5 Ton 3 Star Inverter Split AC,58400,29%,41690,Daikin,F/DTKL50U,1.5 Tons,240 Kilowatts,18-04-2023,https://amazon.in/Daikin-Star-Inverter-Split-DTKL50U/dp/B09W8Y843M/ref=sr_1_202?qid=1681803066&s=kitchen&sr=1-202
Panasonic 1 Ton 5 Star Wi-Fi Inverter Smart Split AC,68400,28%,48990,Panasonic,CS/CU-HU12ZKYF,1 Tons,531.41 Kilowatt Hours,18-04-2023,https://amazon.in/Panasonic-Convertible-additional-Purification-CU-HU12ZKYF/dp/B0BRJGNFS3/ref=sr_1_203?qid=1681803066&s=kitchen&sr=1-203
"Panasonic 1.5 Ton 5 Star Split Inverter AC with Wi-fi Connect - White CS/CU-TU18YKY-1, Copper Condenser)",,,,Panasonic,CS/CU-TU18YKY-1,1.5 Tons,972.89 Kilowatt Hours Per Year,18-04-2023,https://amazon.in/Panasonic-Split-Inverter-Wi-fi-Connect/dp/B09YY3VQKV/ref=sr_1_204?qid=1681803066&s=kitchen&sr=1-204
Lloyd 1.5 Ton 3 Star Hot & Cold Inverter Split AC,64990,39%,39490,Lloyd,GLS18H3FWRHC,1.5 Tons,1043.12 Kilowatt Hours,18-04-2023,https://amazon.in/Lloyd-Inverter-Convertible-Anti-Viral-GLS18H3FWRHC/dp/B0BGLC7XK2/ref=sr_1_205?qid=1681803066&s=kitchen&sr=1-205
Electrolux 1 Ton 3 Star Convertible Inverter Split Air Conditioner,56990,40%,33990,Electrolux,ESV123C1AA,1 Tons,668.13 Kilowatt Hours Per Year,18-04-2023,https://amazon.in/Electrolux-Convertible-Anti-Corrosion-UltimateHome-ESV123C1AA/dp/B0BBTT1CLQ/ref=sr_1_206?qid=1681803066&s=kitchen&sr=1-206
Lloyd 1 Ton 3 Star Fixed Speed Split Air Conditioner With PM 2.5 Air Filter & Anti Viral Dust Filter Smart 4-way Swing,,,,Lloyd,GLS12C3XWADS,1 Tons,1088 Kilowatt Hours Per Year,18-04-2023,https://amazon.in/Lloyd-Fixed-Conditioner-Filter-Copper/dp/B0BTWJXP3M/ref=sr_1_207?qid=1681803066&s=kitchen&sr=1-207
Carrier Estrella Dx 24K 2 Star Window AC with Energy Saver Mode 2 Ton,45000,18%,37000,Carrier,24k Estrella Dx 2S,2 Tons,1503.32 Kilowatt Hours Per Year,18-04-2023,https://amazon.in/Carrier-Estrella-Dx-Window-Energy/dp/B0BC49K17Y/ref=sr_1_208?qid=1681803066&s=kitchen&sr=1-208
Carrier 2.0 Ton 5 Star Wi-Fi Inverter Split AC,84990,31%,58490,Carrier,Emperia CXI Wifi,2 Tons,1054.45 Kilowatt Hours,18-04-2023,https://amazon.in/Carrier-Inverter-Copper-EMPERIA-CXI/dp/B09ZSTSVJ2/ref=sr_1_209?qid=1681803066&s=kitchen&sr=1-209
"ALLWIN TAFTA High Quality Metal Special Coated Floor Mounted Split Outdoor AC Stand for 1 Ton, 1.1 Ton, 1.2 Ton, 1.5 Ton, 2 Ton AC",1500,57%,647,,,,,18-04-2023,https://amazon.in/ALLWIN-Quality-Mounted-Special-Conditioner/dp/B0867F2BCY/ref=sr_1_210?qid=1681803066&s=kitchen&sr=1-210
Hitachi 1.5 Ton 3 Star Fixed Speed Split AC,,,,Hitachi,RAS.B318PCAIBA,1.5 Tons,1039.62 Kilowatt Hours,18-04-2023,https://amazon.in/Hitachi-Copper-Filter-Senpai-R32-RAS-B318PCAIBA/dp/B0BQ7CNJMC/ref=sr_1_211?qid=1681803066&s=kitchen&sr=1-211
"Voltas Split Air Conditioner SAC 184V DAZJ, White",69990,44%,39490,Voltas,4503219,1.5 Tons,5120 Watts,18-04-2023,https://amazon.in/Voltas-Split-Conditioner-184V-White/dp/B09WKMM7RN/ref=sr_1_212?qid=1681803066&s=kitchen&sr=1-212
Haier 1.6 Ton 3 Star Fixed Speed Split AC,,,,Haier,HSU19T-TXS3BE-FS,1.6 Tons,1045.04 Watts,18-04-2023,https://amazon.in/Haier-Copper-bactreial-filter-HSU19T-TXS3BE-FS/dp/B0BSFQ9WKN/ref=sr_1_213?qid=1681803066&s=kitchen&sr=1-213
Daikin 1.5 Ton 3 Star Inverter Split Ac,,,,Daikin,FTKL50,1.5 Tons,,18-04-2023,https://amazon.in/DAIKIN-SPLIT-INVERTER-STAR-FTKL50/dp/B07LBRD6HN/ref=sr_1_214?qid=1681803066&s=kitchen&sr=1-214
Voltas 183 LZH 1.5 Ton 3 Star Window AC,,,,Voltas,183LZH,1.5 Tons,1233 Kilowatt Hours Per Year,18-04-2023,https://amazon.in/Voltas-Star-Window-Copper-White/dp/B09WVQR375/ref=sr_1_215?qid=1681803066&s=kitchen&sr=1-215
"OGeneral 1 Ton 3 Star Split Inverter Air Conditioner ASGA12CLWA-B, White",,,,OGeneral,ASGA12CLWA,1 Tons,789 Kilowatt Hours Per Year,18-04-2023,https://amazon.in/OGeneral-Split-Inverter-Conditioner-ASGA12CLWA-B/dp/B09WMVBHWT/ref=sr_1_216?qid=1681803066&s=kitchen&sr=1-216
DAIKIN FTHT50TV16 1.5 Ton 3 Star Inverter Split AC R32 Copper Hot & Cold,61300,25%,45999,Daikin,FTHT50TV16U,,,18-04-2023,https://amazon.in/DAIKIN-FTHT50TV16-Inverter-Split-Copper/dp/B083HYBWVX/ref=sr_1_217?qid=1681803066&s=kitchen&sr=1-217
LG 1.5 Ton 4 Star DUAL Inverter AI Super Convertible 6-in-1 ThinQ-Wifi Split AC,72990,41%,42990,LG,PS-Q19SWYF,1.5 Tons,800 Kilowatt Hours,18-04-2023,https://amazon.in/LG-Inverter-Convertible-ThinQ-Wifi-PS-Q19SWYF/dp/B09SCZT2JC/ref=sr_1_218?qid=1681803408&s=kitchen&sr=1-218
Portable ni Air Conditioner Desktop Air Cooler Hu difier USB ni Fan with LED Light for Home or Office,9425,43%,5350,Layfoxz,,,,18-04-2023,https://amazon.in/Portable-Conditioner-Desktop-Cooler-difier/dp/B09B73B12W/ref=sr_1_219?qid=1681803408&s=kitchen&sr=1-219
Haier 1.6 Ton 5 Star Inverter Split AC,72490,37%,45990,Haier,HSU19E-TXG5BE-INV,1.6 Tons,828.37 Watts,18-04-2023,https://amazon.in/Haier-Inverter-Convertible-Antibacterial-HSU19E-TXG5BE-INV/dp/B0BSFR7FCV/ref=sr_1_220?qid=1681803408&s=kitchen&sr=1-220
Haier Wash Clean Inverter Split AC,,,,Haier,HSU15Q-TCW3B(INV),1.2 Tons,823 Kilowatt Hours Per Year,18-04-2023,https://amazon.in/Haier-Inverter-Rating-HSU15Q-TCW3B-INV/dp/B09SP1K4LN/ref=sr_1_221?qid=1681803408&s=kitchen&sr=1-221
Daikin 1.8 Ton 2 Star Fixed Speed Split AC,61600,29%,43690,Daikin,FTE60U,1.8 Tons,1435.97 Kilowatt Hours Per Year,18-04-2023,https://amazon.in/Daikin-Copper-Bacterial-Filter-FTE60U/dp/B09R4R6L89/ref=sr_1_222?qid=1681803408&s=kitchen&sr=1-222
Carrier 1.5 Ton 5 Star Inverter Split AC,,,,Carrier,Durafresh CXI,1.5 Tons,841.86 Kilowatt Hours,18-04-2023,https://amazon.in/Carrier-Inverter-Copper-DURAFRESH-CXI/dp/B09Z2YN59L/ref=sr_1_223?qid=1681803408&s=kitchen&sr=1-223
O General 2 Ton 5 Star Inverter Split AC,,,,O General,ASGG24CGTB-B,2 Tons,1090 Kilowatt Hours Per Year,18-04-2023,https://amazon.in/General-Inverter-Copper-Condenser-ASGG24CGTB-B/dp/B09MJ67S87/ref=sr_1_224?qid=1681803408&s=kitchen&sr=1-224
"Voltas Split Air Conditioner SAC 185V CAZZ, White,",71990,45%,39410,Voltas,4503222,1.5 Tons,5200 Watts,18-04-2023,https://amazon.in/Voltas-Split-Conditioner-White-4503222/dp/B09W5K2L16/ref=sr_1_225?qid=1681803408&s=kitchen&sr=1-225
Samsung 1 Ton 3 Star Inverter Split AC,50990,20%,40790,Samsung,AR12CY3ZAPG,1 Tons,960 Kilowatt Hours Per Year,18-04-2023,https://amazon.in/Samsung-Inverter-Convertible-Anti-bacterial-AR12CY3ZAPG/dp/B0BSGVLLPX/ref=sr_1_226?qid=1681803408&s=kitchen&sr=1-226
"Whirlpool 1.0 Ton 5 Star, Inverter Split AC",61500,43%,34990,Whirlpool,41324,1 Tons,515.27 Kilowatts,18-04-2023,https://amazon.in/Whirlpool-Inverter-Split-Magicool-Convert/dp/B09RWPVC5M/ref=sr_1_227?qid=1681803408&s=kitchen&sr=1-227
Voltas 1.5 Ton Inverter 3 Star Split AC,59390,39%,36480,Voltas,4503023-SAC 183V DZZ,1.5 Tons,1053.61 Kilowatt Hours Per Year,18-04-2023,https://amazon.in/Voltas-Inverter-Split-183V-DZZ/dp/B09BDQQLNY/ref=sr_1_228?qid=1681803408&s=kitchen&sr=1-228
Lloyd Havells 1.5 Ton 5 Star Inverter Split AC,61990,31%,42499,Lloyd,GLS18I56WRBP,1.5 Tons,865.9 Kilowatt Hours,18-04-2023,https://amazon.in/Lloyd-Inverter-Copper-Anti-Viral-GLS18I56WRBP/dp/B08V85PTR6/ref=sr_1_229?qid=1681803408&s=kitchen&sr=1-229
Lloyd 1.5 Ton 3 Star Inverter AC,58990,39%,35990,Lloyd,LLOYD S.AC GLS18I3FWSEV-IND,1.5 Tons,698.49 Kilowatt Hours,18-04-2023,https://amazon.in/Lloyd-1-5-Star-Inverter-1-5TGLS18I3FWSEV3S/dp/B0BYDF32MC/ref=sr_1_230?qid=1681803408&s=kitchen&sr=1-230
Voltas 1.5 Ton 3 Star Inverter Split AC,58990,38%,36480,Voltas,SAC_183V_CZTT,1.5 Tons,,18-04-2023,https://amazon.in/Voltas-Inverter-Split-Copper-SAC_183V_CZTT/dp/B07P4HH3B6/ref=sr_1_231?qid=1681803408&s=kitchen&sr=1-231
O general 1 Ton 3 Star Inverter Split AC,,,,OGeneral,ASGG12CPTB-B,,709 Kilowatt Hours Per Year,18-04-2023,https://amazon.in/general-Inverter-Split-ASGG12CPTB-B-Copper/dp/B09F6KVMN3/ref=sr_1_232?qid=1681803408&s=kitchen&sr=1-232
Carrier 1.5 Ton 3 Star Split Inverter AC,,,,Carrier,CARR S.AC EMPERIA LXi 18K 3* (INVT)-IND,1.5 Tons,1058.16 Kilowatt Hours,18-04-2023,https://amazon.in/Carrier-Inverter-18K-EMPERIA-LXi/dp/B0BYDD5B87/ref=sr_1_233?qid=1681803408&s=kitchen&sr=1-233
"Portable Air Conditioner, 6-IN-1 Evaporative Personal Air Cooler Humidifier with 4 Speeds 7 Colors Light, 70¬∞Oscillation USB Quiet Fast Cooling Air Cooler with Timer Function for Home, Office, Bedroom, Travel, Camping",,,6821,,,,,18-04-2023,https://amazon.in/Portable-Air-Conditioner-Evaporative-70%C2%B0Oscillation/dp/B09T6M5Z5P/ref=sr_1_234?qid=1681803408&s=kitchen&sr=1-234
LG 1.5 Ton 4 Star Inverter Split AC,59990,27%,43890,LG,MS-Q18KNYA1,1.5 Tons,920.82 Kilowatt Hours,18-04-2023,https://amazon.in/LG-Convertible-Anti-Virus-Protection-MS-Q18KNYA1/dp/B08TCFWVQH/ref=sr_1_235?qid=1681803408&s=kitchen&sr=1-235
Hitachi 1.5 Ton 3 Star Inverter Split AC,,,,Hitachi,RSQG318HEEA,1.5 Tons,1039.88 Kilowatt Hours,18-04-2023,https://amazon.in/Hitachi-Inverter-Copper-Filter-RSQG318HEEA/dp/B08Z47KQJL/ref=sr_1_236?qid=1681803408&s=kitchen&sr=1-236
DotOne -10V.1-3S01- BEE 3 Star Rating 1 TON Inverter. Split Air Conditioner,,,,Dotone,10V.1-3S01,1 Tons,739.4 Watts,18-04-2023,https://amazon.in/DotOne-10V-1-3S01-Rating-Inverter-Conditioner/dp/B0BSNDSTPD/ref=sr_1_237?qid=1681803408&s=kitchen&sr=1-237
"Haier 1.5 Ton 4 Star, WiFi, Inverter Split AC",69990,41%,40990,Haier,HSU18K-PYFR4BE1-INV,1.5 Tons,886.36 Watts,18-04-2023,https://amazon.in/Haier-Inverter-Convertible-Antibacterial-HSU18K-PYFR4BE1-INV/dp/B0BSFSK57G/ref=sr_1_238?qid=1681803408&s=kitchen&sr=1-238
LG 1.5 Ton 3 Star Inverter Split AC,55990,30%,38990,LG,KS-Q18ENXA,1.5 Tons,1050.85 Kilowatt Hours,18-04-2023,https://amazon.in/LG-Inverter-Split-Copper-KS-Q18ENXA/dp/B07MYXRVRG/ref=sr_1_239?qid=1681803408&s=kitchen&sr=1-239
Panasonic 1.5 Ton 4 Star Wi-Fi Twin-Cool Inverter Split Air Conditioner,,,,Panasonic,CS/CU-WU18YKYXF,1.5 Tons,961.12 Kilowatt Hours,18-04-2023,https://amazon.in/Panasonic-Conditioner-Anti-Corrosion-Purification-CU-WU18YKYXF/dp/B09RP38FBT/ref=sr_1_240?qid=1681803408&s=kitchen&sr=1-240
Carrier 1.5 Ton 4 Star Window AC,76556,53%,35999,Carrier,CAW18SC4R31F1,1.5 Tons,867 Kilowatt Hours Per Year,18-04-2023,https://amazon.in/Carrier-1-5-Ton-4Star-Window/dp/B09R4RQ4DN/ref=sr_1_241?qid=1681803408&s=kitchen&sr=1-241
